,holiday,workingday,temp,hum,windspeed,cnt,season_2,season_3,season_4,MISTY,RAIN,days_since_2011
0,0,0,8.175849,80.58330000000001,10.749882,985,0,0,0,1,0,0
1,0,0,9.083466000000001,69.6087,16.652113,801,0,0,0,1,0,1
2,0,1,1.229108,43.7273,16.636703,1349,0,0,0,0,0,2
3,0,1,1.4000000000000004,59.0435,10.739832,1562,0,0,0,0,0,3
4,0,1,2.6669790000000013,43.695699999999995,12.522300000000001,1600,0,0,0,0,0,4
5,0,1,1.6043559999999992,51.8261,6.0008684,1606,0,0,0,0,0,5
6,0,1,1.2365340000000007,49.869600000000005,11.304642,1510,0,0,0,1,0,6
7,0,0,-0.24499999999999922,53.5833,17.875868,959,0,0,0,1,0,7
8,0,0,-1.498349000000001,43.416700000000006,24.25065,822,0,0,0,0,0,8
9,0,1,-0.9108490000000007,48.2917,14.958889000000001,1321,0,0,0,0,0,9
10,0,1,-0.05272299999999941,68.63640000000001,8.182844,1263,0,0,0,1,0,10
11,0,1,0.11816899999999997,59.954499999999996,20.410009,1162,0,0,0,0,0,11
12,0,1,-0.24499999999999922,47.041700000000006,20.166999999999998,1406,0,0,0,0,0,12
13,0,1,-0.43910999999999945,53.7826,8.478716,1421,0,0,0,0,0,13
14,0,0,2.966650999999999,49.875,10.583521000000001,1248,0,0,0,1,0,14
15,0,0,2.888349,48.375,12.625010999999999,1204,0,0,0,0,0,15
16,1,0,0.264151,53.75,12.999139,1000,0,0,0,1,0,16
17,0,1,2.1833489999999998,86.16669999999999,9.833924999999999,683,0,0,0,1,0,17
18,0,1,5.732177999999999,74.1739,13.957239,1650,0,0,0,1,0,18
19,0,1,4.298349,53.833299999999994,13.125568,1927,0,0,0,1,0,19
20,0,1,0.34249999999999936,45.7083,23.667214,1543,0,0,0,0,0,20
21,0,0,-5.2208711999999995,40.0,11.52199,981,0,0,0,0,0,21
22,0,0,-3.4634801,43.6522,16.5222,986,0,0,0,0,0,22
23,0,1,-3.4226089,49.1739,10.60811,1416,0,0,0,0,0,23
24,0,1,2.5034660000000013,61.695699999999995,8.696332,1985,0,0,0,1,0,24
25,0,1,2.2225,86.25,19.68795,506,0,0,0,0,1,25
26,0,1,1.165000000000001,68.75,7.627078999999999,431,0,0,0,0,0,26
27,0,1,1.563466,79.30430000000001,8.2611,1167,0,0,0,1,0,27
28,0,0,1.2365340000000007,65.1739,9.739455000000001,1098,0,0,0,0,0,28
29,0,0,2.176534,72.2174,4.956834199999999,1096,0,0,0,0,0,29
30,0,1,0.49915099999999946,60.375,12.541864,1501,0,0,0,1,0,30
31,0,1,1.032178,82.9565,3.5652709999999996,1360,0,0,0,1,0,31
32,0,1,4.220000000000001,77.5417,17.708636,1526,0,0,0,1,0,32
33,0,1,0.7869789999999988,43.7826,18.609384,1550,0,0,0,0,0,33
34,0,1,1.9312880000000003,58.521699999999996,8.565213,1708,0,0,0,1,0,34
35,0,0,2.966650999999999,92.91669999999999,10.792293,1005,0,0,0,1,0,35
36,0,0,5.434151,56.833299999999994,9.5006,1623,0,0,0,0,0,36
37,0,1,4.768348999999999,73.83330000000001,3.0423561000000006,1712,0,0,0,0,0,37
38,0,1,2.3791510000000002,53.7917,24.25065,1530,0,0,0,0,0,38
39,0,1,-1.6651990000000003,49.4783,12.652213,1605,0,0,0,1,0,39
40,0,1,-1.2156440000000002,43.7391,14.869645,1538,0,0,0,0,0,40
41,0,1,0.887277000000001,50.6364,7.272849999999999,1746,0,0,0,0,0,41
42,0,0,2.4574999999999996,54.4167,13.625589000000002,1472,0,0,0,0,0,42
43,0,0,6.8765339999999995,45.7391,17.479160999999998,1589,0,0,0,0,0,43
44,0,1,11.504999999999999,37.583299999999994,27.999836,1913,0,0,0,0,0,44
45,0,1,4.506088999999998,31.434800000000003,19.522057999999998,1815,0,0,0,0,0,45
46,0,1,6.958267000000001,42.3478,16.869996999999998,2115,0,0,0,0,0,46
47,0,1,12.484150999999997,50.5,15.416968,2475,0,0,0,0,0,47
48,0,1,16.518349,51.6667,17.749975000000003,2927,0,0,0,0,0,48
49,0,0,10.760849,18.7917,34.000021,1635,0,0,0,0,0,49
50,0,0,5.405199,40.7826,14.956745,1812,0,0,0,0,0,50
51,1,0,6.2566510000000015,60.5,20.625682,1107,0,0,0,1,0,51
52,0,1,0.5644340000000003,57.7778,13.110761,1450,0,0,0,0,0,52
53,0,1,2.4217329999999997,42.3043,6.3055710000000005,1917,0,0,0,0,0,53
54,0,1,5.895644000000001,69.7391,16.783231999999998,1807,0,0,0,1,0,54
55,0,1,9.124355999999999,71.2174,23.218113,1461,0,0,0,1,0,55
56,0,0,5.277499999999998,53.7917,12.500257000000001,1969,0,0,0,0,0,56
57,0,0,8.143466,68.0,8.391615999999999,2402,0,0,0,0,0,57
58,0,1,11.141831,87.6364,19.408962,1446,0,0,0,1,0,58
59,0,1,4.533348999999999,53.5,14.500475,1851,0,0,0,0,0,59
60,0,1,7.745000000000001,44.9583,20.624810999999998,2134,0,0,0,0,0,60
61,0,1,1.3216509999999992,31.833299999999998,15.125518000000001,1685,0,0,0,0,0,61
62,0,1,4.298349,61.0417,13.624182,1944,0,0,0,1,0,62
63,0,0,10.055848999999998,78.91669999999999,16.875357,2077,0,0,0,1,0,63
64,0,0,9.696534,94.8261,23.000229,605,0,0,0,1,0,64
65,0,1,4.3017330000000005,55.1304,22.870584,1872,0,0,0,0,0,65
66,0,1,5.747499999999999,42.0833,8.083549999999999,2133,0,0,0,0,0,66
67,0,1,5.904151000000001,77.5417,14.750050000000002,1891,0,0,0,1,0,67
68,0,1,10.287277,0.0,17.545758999999997,623,0,0,0,0,1,68
69,0,1,6.8765339999999995,64.95649999999999,15.608989999999999,1977,0,0,0,1,0,69
70,0,0,7.470848999999999,59.458299999999994,14.791924999999999,2132,0,0,0,0,0,70
71,0,0,10.064356,52.73909999999999,18.130468,2417,0,0,0,0,0,71
72,0,1,7.285199000000002,49.695699999999995,9.174042,2046,0,0,0,0,0,72
73,0,1,6.917376999999998,65.5652,12.348703,2056,0,0,0,1,0,73
74,0,1,9.165199000000001,77.65220000000001,13.608839000000001,2192,0,0,0,1,0,74
75,0,1,11.504999999999999,60.291700000000006,14.041792999999998,2744,0,0,0,0,0,75
76,0,1,17.380000000000003,52.5217,15.478139,3239,0,0,0,0,0,76
77,0,0,14.2075,37.916700000000006,24.667189,3117,0,0,0,0,0,77
78,0,0,7.627500000000001,47.375,13.917307000000001,2471,0,0,0,0,0,78
79,0,1,12.230445,73.73910000000001,19.348461,2077,1,0,0,1,0,79
80,0,1,12.758349000000003,62.4583,15.125250000000001,2703,1,0,0,0,0,80
81,0,1,8.306979000000002,83.9565,15.695487000000002,2121,1,0,0,1,0,81
82,0,1,5.395,80.58330000000001,16.333728999999998,1865,1,0,0,1,0,82
83,0,1,4.415849,49.5,15.458575000000002,2210,1,0,0,0,0,83
84,0,0,4.494150999999999,39.4167,14.041257,2496,1,0,0,0,0,84
85,0,0,3.8930209999999974,49.3913,12.348099999999999,1693,1,0,0,1,0,85
86,0,1,4.424356000000001,30.2174,14.217668,2028,1,0,0,0,0,86
87,0,1,6.217499999999999,31.416700000000002,15.208732,2425,1,0,0,0,0,87
88,0,1,6.1,64.6667,11.583496,1536,1,0,0,1,0,88
89,0,1,4.611651,91.8333,14.582282000000001,1685,1,0,0,0,1,89
90,0,1,6.1,68.625,17.333436,2227,1,0,0,1,0,90
91,0,0,6.805,65.375,13.208782000000001,2252,1,0,0,1,0,91
92,0,0,9.781651,48.0,12.208271000000002,3249,1,0,0,0,0,92
93,0,1,18.946651,42.625,25.833257,3115,1,0,0,0,0,93
94,0,1,11.465848999999999,64.2083,26.000488999999998,1795,1,0,0,1,0,94
95,0,1,10.369150999999999,47.0833,17.625221,2808,1,0,0,0,0,95
96,0,1,12.5625,60.291700000000006,10.874903999999999,3141,1,0,0,0,0,96
97,0,1,7.784151,83.625,15.208464,1471,1,0,0,1,0,97
98,0,0,8.0975,87.75,8.916560999999998,2455,1,0,0,1,0,98
99,0,0,12.053349,85.75,9.833389,2895,1,0,0,1,0,99
100,0,1,19.995644000000002,71.6956,21.739758,3348,1,0,0,1,0,100
101,0,1,15.617499999999996,73.9167,18.416892999999998,2034,1,0,0,1,0,101
102,0,1,11.3875,81.91669999999999,16.791339,2162,1,0,0,1,0,102
103,0,1,13.9725,54.041700000000006,7.4169,3267,1,0,0,0,0,103
104,1,0,12.993348999999998,67.125,15.167124999999999,3126,1,0,0,0,0,104
105,0,0,12.249150999999998,88.83330000000001,22.834136,795,1,0,0,0,1,105
106,0,0,13.463349000000001,47.9583,20.334232,3744,1,0,0,0,0,106
107,0,1,16.0875,54.25,10.958989,3429,1,0,0,0,0,107
108,0,1,15.774151,66.5833,10.584057,3204,1,0,0,1,0,108
109,0,1,19.965,61.4167,16.208975,3944,1,0,0,0,0,109
110,0,1,13.580849,40.708299999999994,21.792286,4189,1,0,0,0,0,110
111,0,1,7.823349,72.9583,14.707906999999999,1683,1,0,0,1,0,111
112,0,0,13.620000000000001,88.79169999999999,15.458575000000002,4036,1,0,0,1,0,112
113,0,0,19.338349,81.08330000000001,12.875725000000001,4191,1,0,0,1,0,113
114,0,1,20.513348999999998,77.6667,12.417311,4073,1,0,0,0,0,114
115,0,1,21.688349,72.9167,21.875500000000002,4400,1,0,0,0,0,115
116,0,1,21.14,83.54169999999999,20.917399999999997,3872,1,0,0,1,0,116
117,0,1,21.0225,70.08330000000001,21.500836,4058,1,0,0,1,0,117
118,0,1,15.969999999999999,45.7083,16.084221,4595,1,0,0,0,0,118
119,0,0,14.2075,50.3333,15.750025,5312,1,0,0,0,0,119
120,0,0,13.228348999999998,76.2083,7.125717999999999,3351,1,0,0,1,0,120
121,0,1,17.810848999999997,73.0,12.291418,4401,1,0,0,1,0,121
122,0,1,20.983348999999997,69.7083,22.958689,4451,1,0,0,1,0,122
123,0,1,11.465848999999999,73.70830000000001,22.042732,2633,1,0,0,1,0,123
124,0,1,13.580849,44.416700000000006,19.791263999999998,4433,1,0,0,0,0,124
125,0,1,14.520849000000002,59.0,15.292482,4608,1,0,0,0,0,125
126,0,0,16.44,54.125,10.750150000000001,4714,1,0,0,0,0,126
127,0,0,16.831650999999997,63.1667,5.0007125,4333,1,0,0,0,0,127
128,0,1,17.0275,58.875,11.792000000000002,4362,1,0,0,0,0,128
129,0,1,17.0275,48.9167,7.749957000000001,4803,1,0,0,0,0,129
130,0,1,17.4975,63.29169999999999,8.083014,4182,1,0,0,0,0,130
131,0,1,17.145000000000003,74.75,12.707689,4864,1,0,0,0,0,131
132,0,1,16.0875,86.33330000000001,12.041575,4105,1,0,0,1,0,132
133,0,0,16.479150999999998,92.25,9.041649999999999,3409,1,0,0,1,0,133
134,0,0,18.4375,86.70830000000001,10.249593,4553,1,0,0,1,0,134
135,0,1,19.142500000000002,78.79169999999999,8.500357000000001,3958,1,0,0,0,0,135
136,0,1,18.398349,83.7917,18.582718,4123,1,0,0,1,0,136
137,0,1,17.85,87.0,13.499964,3855,1,0,0,1,0,137
138,0,1,16.949151,82.9583,7.2502710000000015,4575,1,0,0,1,0,138
139,0,1,17.223349,71.9583,8.375871,4917,1,0,0,0,0,139
140,0,0,20.317500000000003,62.6667,8.083549999999999,5805,1,0,0,0,0,140
141,0,0,20.395849000000002,74.9583,9.916536,4660,1,0,0,0,0,141
142,0,1,21.688349,81.0,15.667413999999999,4274,1,0,0,1,0,142
143,0,1,23.020000000000003,74.0833,13.875164,4492,1,0,0,1,0,143
144,0,1,23.059151,69.625,10.333611,4978,1,0,0,0,0,144
145,0,1,25.291651,67.75,13.376014000000001,4677,1,0,0,0,0,145
146,0,1,24.038349000000004,65.375,16.125493,4679,1,0,0,0,0,146
147,0,0,22.824151,72.9583,15.416164000000002,4758,1,0,0,0,0,147
148,0,0,23.3725,81.875,14.333846000000001,4788,1,0,0,0,0,148
149,1,0,26.466651,68.5,8.792075,4098,1,0,0,0,0,149
150,0,1,28.425000000000004,63.6667,7.459042999999999,3982,1,0,0,0,0,150
151,0,1,27.915849,67.7083,13.875164,3974,1,0,0,1,0,151
152,0,1,25.604999999999997,30.5,19.583228999999996,4968,1,0,0,0,0,152
153,0,1,21.14,35.4167,16.959107,5312,1,0,0,0,0,153
154,0,0,21.845,45.625,8.250514,5342,1,0,0,0,0,154
155,0,0,22.471651,65.25,9.292364000000001,4906,1,0,0,1,0,155
156,0,1,23.881650999999998,60.0,8.167032,4548,1,0,0,0,0,156
157,0,1,25.252499999999998,59.791700000000006,12.583136,4833,1,0,0,0,0,157
158,0,1,28.464151,62.208299999999994,9.166739,4401,1,0,0,0,0,158
159,0,1,29.991650999999997,56.833299999999994,10.042161,3915,1,0,0,1,0,159
160,0,1,27.485,60.5,9.417117999999999,4586,1,0,0,0,0,160
161,0,0,26.074999999999996,65.45830000000001,10.374949999999998,4966,1,0,0,0,0,161
162,0,0,24.5475,74.7917,10.958989,4460,1,0,0,0,0,162
163,0,1,21.845,49.4583,20.45845,5020,1,0,0,0,0,163
164,0,1,20.395849000000002,50.708299999999994,18.041961,4891,1,0,0,0,0,164
165,0,1,21.453349,47.1667,11.250103999999999,5180,1,0,0,0,0,165
166,0,1,21.531651,68.8333,13.833557,3767,1,0,0,1,0,166
167,0,1,22.510849000000004,73.5833,9.582942999999998,4844,1,0,0,0,0,167
168,0,0,24.743349000000002,67.0417,8.000335999999999,5119,1,0,0,0,0,168
169,0,0,24.860849,66.6667,6.834,4744,1,0,0,1,0,169
170,0,1,21.845,74.625,10.416825,4010,1,0,0,1,0,170
171,0,1,23.999151,77.0417,11.458675000000001,4835,0,1,0,1,0,171
172,0,1,26.466651,70.75,11.541554,4507,0,1,0,0,0,172
173,0,1,26.231651,70.3333,15.999868,4790,0,1,0,1,0,173
174,0,1,26.035849,57.3333,14.875675,4991,0,1,0,0,0,174
175,0,0,24.665,48.3333,14.041257,5202,0,1,0,0,0,175
176,0,0,23.96,51.3333,6.333731100000001,5305,0,1,0,0,0,176
177,0,1,24.0775,65.8333,7.208396000000001,4708,0,1,0,1,0,177
178,0,1,26.975849000000004,63.416700000000006,9.666960999999999,4648,0,1,0,0,0,178
179,0,1,26.231651,49.7917,17.542007,5225,0,1,0,0,0,179
180,0,1,24.743349000000002,43.416700000000006,12.415903999999998,5515,0,1,0,0,0,180
181,0,1,25.957500000000003,39.625,6.8747359999999995,5362,0,1,0,0,0,181
182,0,0,26.701651,44.4583,7.709153999999999,5119,0,1,0,0,0,182
183,0,0,25.683349,68.25,15.333486,4649,0,1,0,1,0,183
184,1,0,26.153349,63.7917,5.4591064,6043,0,1,0,1,0,184
185,0,1,27.093348999999996,59.0417,8.459285999999999,4665,0,1,0,0,0,185
186,0,1,25.839999999999996,74.33330000000001,10.042161,4629,0,1,0,0,0,186
187,0,1,27.25,65.125,10.666400000000001,4592,0,1,0,0,0,187
188,0,1,25.330849,75.79169999999999,15.083643,4040,0,1,0,1,0,188
189,0,0,26.466651,60.9167,11.250103999999999,5336,0,1,0,0,0,189
190,0,0,27.1325,57.8333,12.292557,4881,0,1,0,0,0,190
191,0,1,27.8375,63.5833,18.916579,4086,0,1,0,0,0,191
192,0,1,29.325848999999998,55.9167,13.417017999999999,4258,0,1,0,0,0,192
193,0,1,27.093348999999996,63.1667,9.790911,4342,0,1,0,0,0,193
194,0,1,23.999151,47.625,16.124689,5084,0,1,0,0,0,194
195,0,1,23.176650999999996,59.12500000000001,12.249811,5538,0,1,0,0,0,195
196,0,0,24.273349000000003,58.5,13.958914,5923,0,1,0,0,0,196
197,0,0,25.800849,60.4167,16.417211,5302,0,1,0,0,0,197
198,0,1,27.093348999999996,65.125,14.458867999999999,4458,0,1,0,0,0,198
199,0,1,28.503349,65.0417,8.7502,4541,0,1,0,0,0,199
200,0,1,28.111651000000002,70.70830000000001,7.625739,4332,0,1,0,0,0,200
201,0,1,30.305,69.125,14.875407,3784,0,1,0,1,0,201
202,0,1,31.871651,58.0417,8.9177,3387,0,1,0,0,0,202
203,0,0,31.910849,50.0,8.791807,3285,0,1,0,0,0,203
204,0,0,31.009999999999998,55.0833,11.334457,3606,0,1,0,0,0,204
205,0,1,26.936650999999998,75.7083,6.0841561,3840,0,1,0,0,0,205
206,0,1,28.268349,54.0833,13.417285999999999,4590,0,1,0,0,0,206
207,0,1,28.425000000000004,40.291700000000006,12.292021000000002,4656,0,1,0,0,0,207
208,0,1,28.620849,58.3333,11.958093,4390,0,1,0,0,0,208
209,0,1,31.401651,54.25,11.667246,3846,0,1,0,0,0,209
210,0,0,29.795848999999997,46.5833,11.291979,4475,0,1,0,0,0,210
211,0,0,29.874150999999998,48.0833,11.042471,4302,0,1,0,0,0,211
212,0,1,28.268349,55.0833,10.500039,4266,0,1,0,0,0,212
213,0,1,28.816651,49.125,13.79195,4845,0,1,0,0,0,213
214,0,1,26.388348999999998,65.75,9.084060999999998,3574,0,1,0,1,0,214
215,0,1,25.369999999999997,75.75,13.20905,4576,0,1,0,1,0,215
216,0,1,25.409151,63.083299999999994,12.374632,4866,0,1,0,0,0,216
217,0,0,25.683349,75.5,15.29275,4294,0,1,0,1,0,217
218,0,0,26.8975,75.2917,13.499629,3785,0,1,0,0,0,218
219,0,1,27.955,59.2083,12.875725000000001,4326,0,1,0,0,0,219
220,0,1,28.425000000000004,57.04169999999999,10.125107,4602,0,1,0,0,0,220
221,0,1,28.033349,42.4167,13.417285999999999,4780,0,1,0,0,0,221
222,0,1,25.722500000000004,42.375,11.041332,4792,0,1,0,0,0,222
223,0,1,25.291651,41.5,8.416607,4905,0,1,0,0,0,223
224,0,0,24.234151000000004,72.9583,14.167418,4150,0,1,0,1,0,224
225,0,0,23.803349,81.75,14.916411,3820,0,1,0,1,0,225
226,0,1,23.294151,71.20830000000001,13.999918,4338,0,1,0,0,0,226
227,0,1,24.939151000000003,57.8333,15.834043,4725,0,1,0,0,0,227
228,0,1,25.996651,57.5417,9.625689000000001,4694,0,1,0,0,0,228
229,0,1,25.448349,65.45830000000001,15.624936,3805,0,1,0,0,0,229
230,0,1,24.195,72.2917,9.333635999999998,4153,0,1,0,1,0,230
231,0,0,24.7825,67.41669999999999,6.999289,5191,0,1,0,0,0,231
232,0,0,25.409151,77.0,16.666518,3873,0,1,0,0,0,232
233,0,1,24.508349000000003,47.0,18.54225,4758,0,1,0,0,0,233
234,0,1,22.119151,45.5417,9.833121,5895,0,1,0,0,0,234
235,0,1,23.646651,60.5,16.958236,5130,0,1,0,0,0,235
236,0,1,24.155848999999996,77.1667,14.125810999999999,3542,0,1,0,1,0,236
237,0,1,24.9,76.125,5.625487499999999,4661,0,1,0,0,0,237
238,0,0,23.96,85.0,25.166339,1115,0,1,0,1,0,238
239,0,0,25.231772999999997,56.1765,20.412153,4334,0,1,0,0,0,239
240,0,1,21.923348999999998,55.45830000000001,10.708275,4634,0,1,0,0,0,240
241,0,1,22.040849,54.833299999999994,8.375535999999999,5204,0,1,0,0,0,241
242,0,1,22.863349,59.791700000000006,5.5833311000000005,5058,0,1,0,0,0,242
243,0,1,22.785,63.916700000000006,9.500332,5115,0,1,0,0,0,243
244,0,1,22.236651000000002,72.70830000000001,9.375243,4727,0,1,0,1,0,244
245,0,0,23.450848999999998,71.6667,12.416775,4484,0,1,0,0,0,245
246,0,0,25.330849,74.20830000000001,13.833289,4940,0,1,0,0,0,246
247,1,0,23.646651,79.0417,14.250632,3351,0,1,0,1,0,247
248,0,1,17.380000000000003,88.6957,23.044181,2710,0,1,0,0,1,248
249,0,1,20.160849,91.7083,6.500393600000001,1996,0,1,0,0,1,249
250,0,1,21.793911,93.9565,12.914116,1842,0,1,0,0,1,250
251,0,1,22.55,89.79169999999999,8.333393,3544,0,1,0,1,0,251
252,0,0,23.020000000000003,75.375,10.291736,5345,0,1,0,0,0,252
253,0,0,22.706650999999997,71.375,7.7086179999999995,5046,0,1,0,0,0,253
254,0,1,22.284355999999995,69.2174,5.957171000000001,4713,0,1,0,0,0,254
255,0,1,22.589151,71.25,9.500867999999999,4763,0,1,0,0,0,255
256,0,1,23.646651,69.7083,11.2091,4785,0,1,0,0,0,256
257,0,1,19.142500000000002,70.9167,18.166782,3659,0,1,0,1,0,257
258,0,1,14.050849,59.0417,11.000261,4760,0,1,0,1,0,258
259,0,0,15.108349,71.8333,12.708225,4511,0,1,0,1,0,259
260,0,0,15.8525,69.5,11.958361,4274,0,1,0,0,0,260
261,0,1,17.810848999999997,69.0,10.166714,4539,0,1,0,1,0,261
262,0,1,18.398349,88.125,9.041917999999999,3641,0,1,0,1,0,262
263,0,1,19.965,90.0,6.4590814,4352,0,1,0,1,0,263
264,0,1,21.531651,90.2083,8.584375,4795,0,1,0,1,0,264
265,0,1,20.630849,97.25,5.2505689,2395,0,0,1,1,0,265
266,0,0,20.513348999999998,86.25,5.2516811,5423,0,0,1,1,0,266
267,0,0,21.805849000000002,84.5,3.3754064,5010,0,0,1,1,0,267
268,0,1,22.510849000000004,84.8333,7.4169,4630,0,0,1,1,0,268
269,0,1,21.923348999999998,88.5417,7.917457,4120,0,0,1,1,0,269
270,0,1,21.845,84.875,9.958143,3907,0,0,1,1,0,270
271,0,1,20.983348999999997,69.91669999999999,11.583160999999999,4839,0,0,1,0,0,271
272,0,1,18.515849,64.75,13.833825,5202,0,0,1,0,0,272
273,0,0,11.27,75.375,19.583832,2429,0,0,1,1,0,273
274,0,0,8.763349000000002,79.1667,14.874871,2918,0,0,1,1,0,274
275,0,1,10.055848999999998,76.0833,5.584168600000001,3570,0,0,1,1,0,275
276,0,1,14.755849000000001,71.0,13.792218,4456,0,0,1,0,0,276
277,0,1,17.301650999999996,64.79169999999999,11.87575,4826,0,0,1,0,0,277
278,0,1,15.225849,62.083299999999994,9.041917999999999,4765,0,0,1,0,0,278
279,0,1,16.009151,68.41669999999999,1.5002439,4985,0,0,1,0,0,279
280,0,0,16.518349,70.125,3.0420814,5409,0,0,1,0,0,280
281,0,0,17.419151,72.75,4.251150000000001,5511,0,0,1,0,0,281
282,1,0,18.829151000000003,73.375,2.8343814,5117,0,0,1,0,0,282
283,0,1,18.633349000000003,80.875,9.583814,4563,0,0,1,1,0,283
284,0,1,17.536651,90.625,16.62605,2416,0,0,1,0,1,284
285,0,1,19.690849,89.6667,9.499729,2913,0,0,1,1,0,285
286,0,1,17.889151000000002,71.625,15.000161,3644,0,0,1,1,0,286
287,0,0,15.813348999999999,48.3333,17.291561,5217,0,0,1,0,0,287
288,0,0,16.048348999999998,48.6667,18.875039,5041,0,0,1,0,0,288
289,0,1,17.105849000000003,57.958299999999994,11.750393,4570,0,0,1,0,0,289
290,0,1,17.0275,70.1667,7.3758289999999995,4748,0,0,1,1,0,290
291,0,1,17.461733000000002,89.52170000000001,16.303713,2424,0,0,1,0,1,291
292,0,1,14.364151,63.625,28.292425,4195,0,0,1,0,0,292
293,0,1,12.092500000000001,57.4167,14.833532,4304,0,0,1,0,0,293
294,0,0,11.857499999999998,62.916700000000006,6.208668899999999,4308,0,0,1,0,0,294
295,0,0,11.818349000000001,74.125,6.6673375,4381,0,0,1,0,0,295
296,0,1,13.776651000000001,77.2083,7.959064000000001,4187,0,0,1,0,0,296
297,0,1,14.168349,62.291700000000006,11.166086,4687,0,0,1,0,0,297
298,0,1,14.755849000000001,72.04169999999999,9.959014,3894,0,0,1,1,0,298
299,0,1,14.09,81.2917,13.250121000000002,2659,0,0,1,1,0,299
300,0,1,7.549151,58.58330000000001,15.375093,3747,0,0,1,1,0,300
301,0,0,3.945849000000001,88.25,23.541857,627,0,0,1,0,1,301
302,0,0,7.000849000000002,62.375,11.833339,3331,0,0,1,0,0,302
303,0,1,7.98,70.3333,7.12545,3669,0,0,1,0,0,303
304,0,1,10.839151000000001,68.375,9.083257,4068,0,0,1,0,0,304
305,0,1,9.7425,71.875,5.500143899999999,4186,0,0,1,0,0,305
306,0,1,11.191651,70.20830000000001,9.166739,3974,0,0,1,0,0,306
307,0,1,10.956651,62.25000000000001,18.209193,4046,0,0,1,1,0,307
308,0,0,7.353349,51.916700000000006,12.667153999999998,3926,0,0,1,0,0,308
309,0,0,8.371651,73.4583,6.167631399999999,3649,0,0,1,0,0,309
310,0,1,10.565000000000001,75.875,3.834075,4035,0,0,1,0,0,310
311,0,1,11.191651,72.1667,4.6255125,4205,0,0,1,0,0,311
312,0,1,10.8,75.83330000000001,4.1671186,4109,0,0,1,0,0,312
313,0,1,9.86,81.3333,12.667489000000002,2933,0,0,1,1,0,313
314,1,0,7.235849,44.625,21.083225,3368,0,0,1,0,0,314
315,0,0,8.763349000000002,55.2917,14.208154,4067,0,0,1,0,0,315
316,0,0,12.719151,45.8333,18.875307,3717,0,0,1,0,0,316
317,0,1,16.91,58.7083,20.541932,4486,0,0,1,0,0,317
318,0,1,16.91,68.875,13.375411,4195,0,0,1,1,0,318
319,0,1,13.463349000000001,93.0,9.167543,1817,0,0,1,0,1,319
320,0,1,8.058349,57.5833,20.459253999999998,3053,0,0,1,1,0,320
321,0,1,4.885849,41.0,11.291711,3392,0,0,1,0,0,321
322,0,0,7.470848999999999,50.208299999999994,15.041232,3663,0,0,1,0,0,322
323,0,0,13.776651000000001,68.4583,12.45865,3520,0,0,1,1,0,323
324,0,1,13.032499999999999,91.0,9.249618,2765,0,0,1,0,1,324
325,0,1,11.583349000000002,96.25,7.959064000000001,1607,0,0,1,0,1,325
326,0,1,12.719151,75.79169999999999,22.500275,2566,0,0,1,1,0,326
327,1,0,9.546650999999997,54.9167,11.209368000000001,1495,0,0,1,0,0,327
328,0,1,9.625,64.375,6.6260186,2792,0,0,1,0,0,328
329,0,0,9.664151,68.1667,4.5841936,3068,0,0,1,0,0,329
330,0,0,13.580849,69.8333,13.999918,3071,0,0,1,0,0,330
331,0,1,15.663466,74.3043,9.522174,3867,0,0,1,0,0,331
332,0,1,13.541650999999998,83.08330000000001,17.292164,2914,0,0,1,1,0,332
333,0,1,7.275,61.3333,18.167586,3613,0,0,1,0,0,333
334,0,1,6.6875,52.4583,14.750586,3727,0,0,1,0,0,334
335,0,1,6.765849000000001,62.583299999999994,6.750518,3940,0,0,1,0,0,335
336,0,0,6.060849000000001,61.291700000000006,6.4174811,3614,0,0,1,0,0,336
337,0,0,7.549151,77.5833,5.625206100000001,3485,0,0,1,0,0,337
338,0,1,10.134151,82.70830000000001,4.1679561000000005,3811,0,0,1,1,0,338
339,0,1,13.7375,94.9583,15.583060999999999,2594,0,0,1,0,1,339
340,0,1,11.27,97.04169999999999,17.833725,705,0,0,1,0,1,340
341,0,1,4.494150999999999,57.99999999999999,16.083886,3322,0,0,1,0,0,341
342,0,1,5.669151000000001,69.58330000000001,5.5420188999999995,3620,0,0,1,0,0,342
343,0,0,4.925000000000001,50.74999999999999,15.625807,3190,0,0,1,0,0,343
344,0,0,2.3791510000000002,49.0,4.458293899999999,2743,0,0,1,0,0,344
345,0,1,3.201651,67.08330000000001,4.251150000000001,3310,0,0,1,0,0,345
346,0,1,5.277499999999998,59.0,9.41685,3523,0,0,1,0,0,346
347,0,1,6.922499999999999,66.375,4.0842061,3740,0,0,1,1,0,347
348,0,1,11.857499999999998,63.416700000000006,17.958814,3709,0,0,1,1,0,348
349,0,1,9.625,50.0417,17.458525,3577,0,0,1,1,0,349
350,0,0,4.1416509999999995,56.0833,16.292189,2739,0,0,1,1,0,350
351,0,0,3.201651,58.62500000000001,11.375193,2431,0,0,1,0,0,351
352,0,1,5.003349,63.74999999999999,11.584031999999999,3403,0,0,1,0,0,352
353,0,1,10.134151,59.5417,4.125243600000001,3750,0,0,1,1,0,353
354,0,1,12.131651000000002,85.83330000000001,14.8338,2660,0,0,0,1,0,354
355,0,1,11.896651000000002,75.75,3.1674249999999997,3068,0,0,0,1,0,355
356,0,1,9.546650999999997,68.625,18.374482,2209,0,0,0,0,0,356
357,0,0,6.217499999999999,54.25,12.750368,1011,0,0,0,0,0,357
358,0,0,4.914801000000001,68.13040000000001,10.391097,754,0,0,0,0,0,358
359,1,0,7.121732999999999,50.6957,16.044155,1317,0,0,0,0,0,359
360,0,1,7.275,76.25,12.62615,1162,0,0,0,1,0,360
361,0,1,6.05911,50.39130000000001,19.695387,2302,0,0,0,0,0,361
362,0,1,3.6716510000000007,57.4167,8.000604,2423,0,0,0,0,0,362
363,0,1,6.648349000000001,63.6667,9.000578999999998,2999,0,0,0,0,0,363
364,0,0,11.27,61.583299999999994,14.750318,2485,0,0,0,0,0,364
365,0,0,9.39,69.25,12.875189,2294,0,0,0,0,0,365
366,1,0,4.833020999999999,38.130399999999995,22.087555,1951,0,0,0,0,0,366
367,0,1,-0.9500000000000002,44.125,24.499957000000002,2236,0,0,0,0,0,367
368,0,1,-2.9475,41.4583,12.3749,2368,0,0,0,1,0,368
369,0,1,4.494150999999999,52.416700000000006,8.709128999999999,3272,0,0,0,0,0,369
370,0,1,7.705848999999999,54.2083,11.249836,4098,0,0,0,0,0,370
371,0,0,10.486650999999998,53.1667,11.708786,4521,0,0,0,0,0,371
372,0,0,7.862500000000001,46.5,12.833314000000001,3425,0,0,0,0,0,372
373,0,1,2.5358490000000007,70.1667,6.6263000000000005,2376,0,0,0,1,0,373
374,0,1,6.508712000000001,64.65220000000001,12.565984,3598,0,0,0,0,0,374
375,0,1,4.885849,84.75,8.791807,2177,0,0,0,1,0,375
376,0,1,9.9775,80.2917,12.124789000000002,4097,0,0,0,1,0,376
377,0,1,4.885849,50.74999999999999,25.333236,3214,0,0,0,0,0,377
378,0,0,0.4599999999999991,45.75,12.541260999999999,2493,0,0,0,0,0,378
379,0,0,-0.16665099999999988,41.9167,16.834286,2311,0,0,0,0,0,379
380,1,0,0.9299999999999997,52.25,15.500986,2298,0,0,0,0,0,380
381,0,1,9.533020999999998,71.6087,23.39171,2935,0,0,0,1,0,381
382,0,1,6.2566510000000015,44.333299999999994,27.833743,3376,0,0,0,0,0,382
383,0,1,0.9299999999999997,49.75,14.750586,3292,0,0,0,0,0,383
384,0,1,2.2225,45.0,13.58425,3163,0,0,0,1,0,384
385,0,0,0.14665099999999853,83.125,14.917014,1301,0,0,0,1,0,385
386,0,0,-0.3624999999999998,79.625,13.375746000000001,1977,0,0,0,1,0,386
387,0,1,2.2616510000000005,91.125,7.4174359999999995,2432,0,0,0,1,0,387
388,0,1,8.0975,83.58330000000001,8.292389,4339,0,0,0,0,0,388
389,0,1,5.825849,64.375,10.791756999999999,4270,0,0,0,0,0,389
390,0,1,8.058349,76.95830000000001,4.917518600000001,4075,0,0,0,1,0,390
391,0,1,11.974999999999998,74.125,22.958689,3456,0,0,0,1,0,391
392,0,0,6.844150999999998,54.333299999999994,14.125542999999999,4023,0,0,0,0,0,392
393,0,0,5.277499999999998,31.125000000000004,16.08335,3243,0,0,0,0,0,393
394,0,1,4.650848999999999,40.0833,14.458064,3624,0,0,0,0,0,394
395,0,1,10.330000000000002,41.6667,17.541739,4509,0,0,0,0,0,395
396,0,1,14.050849,50.79169999999999,12.667489000000002,4579,0,0,0,0,0,396
397,0,1,10.760849,67.29169999999999,12.541528999999999,3761,0,0,0,1,0,397
398,0,1,6.726650999999999,52.6667,11.959232000000002,4151,0,0,0,0,0,398
399,0,0,4.415849,77.95830000000001,8.167032,2832,0,0,0,1,0,399
400,0,0,4.494150999999999,68.7917,11.791732000000001,2947,0,0,0,1,0,400
401,0,1,5.282622999999999,62.2174,10.304599999999999,3784,0,0,0,0,0,401
402,0,1,8.645849000000002,49.625,9.874393000000001,4375,0,0,0,0,0,402
403,0,1,4.063349000000002,72.2917,8.959307,2802,0,0,0,1,0,403
404,0,1,4.455,56.2083,13.000478999999999,3830,0,0,0,0,0,404
405,0,1,5.1991510000000005,54.0,7.834243,3831,0,0,0,1,0,405
406,0,0,2.5358490000000007,73.125,19.416332,2169,0,0,0,0,1,406
407,0,0,-2.0075000000000003,46.458299999999994,27.417203999999998,1529,0,0,0,0,0,407
408,0,1,2.4574999999999996,41.125,11.207961,3422,0,0,0,0,0,408
409,0,1,7.000849000000002,50.875,9.458993,3922,0,0,0,1,0,409
410,0,1,8.371651,53.125,12.167200000000001,4169,0,0,0,0,0,410
411,0,1,6.883349000000001,75.2917,6.125475000000001,3005,0,0,0,1,0,411
412,0,1,8.136651,63.4583,13.791682,4154,0,0,0,0,0,412
413,0,0,8.293349,53.4583,12.792243,4318,0,0,0,0,0,413
414,0,0,5.160000000000002,51.5833,16.958504,2689,0,0,0,1,0,414
415,1,0,5.160000000000002,50.7826,15.348560999999998,3129,0,0,0,0,0,415
416,0,1,5.5278220000000005,59.434799999999996,13.783039,3777,0,0,0,0,0,416
417,0,1,10.604150999999998,56.7917,15.709557,4773,0,0,0,0,0,417
418,0,1,13.345849000000001,55.45830000000001,12.791171,5062,0,0,0,0,0,418
419,0,1,11.1525,73.75,15.916989,3487,0,0,0,1,0,419
420,0,0,5.669151000000001,39.5833,28.250014,2732,0,0,0,0,0,420
421,0,0,5.120849,41.0,13.750342999999999,3389,0,0,0,0,0,421
422,0,1,9.233349,49.0833,17.958211,4322,0,0,0,0,0,422
423,0,1,8.880849000000001,39.5833,12.958939,4363,0,0,0,0,0,423
424,0,1,8.184356000000001,80.4783,12.000839,1834,0,0,0,1,0,424
425,0,1,14.834151000000002,61.5417,15.208129,4990,0,0,0,0,0,425
426,0,1,8.606651,65.7083,9.708568,3194,0,0,0,1,0,426
427,0,0,11.465848999999999,62.125,10.792293,4066,0,0,0,1,0,427
428,0,0,7.314150999999999,40.3333,22.416257,3423,0,0,0,0,0,428
429,0,1,3.4366509999999995,50.625,15.333486,3333,0,0,0,0,0,429
430,0,1,4.1416509999999995,45.6667,13.458625,3956,0,0,0,0,0,430
431,0,1,10.995849,51.3333,23.167193,4916,0,0,0,0,0,431
432,0,1,16.792499999999997,56.75,29.584721,5382,0,0,0,0,0,432
433,0,1,11.309151,40.708299999999994,27.7916,4569,0,0,0,1,0,433
434,0,0,5.512499999999999,35.041700000000006,15.125250000000001,4118,0,0,0,0,0,434
435,0,0,9.001732999999998,47.695699999999995,14.913329,4911,0,0,0,0,0,435
436,0,1,13.933349,48.9167,13.916771,5298,0,0,0,0,0,436
437,0,1,18.554999999999996,61.75000000000001,15.87565,5847,0,0,0,0,0,437
438,0,1,18.9075,50.708299999999994,7.709153999999999,6312,0,0,0,0,0,438
439,0,1,18.2025,57.958299999999994,10.042161,6192,0,0,0,0,0,439
440,0,1,12.484150999999997,84.20830000000001,7.583864,4378,0,0,0,1,0,440
441,0,0,16.165849,75.5833,7.417168,7836,0,0,0,1,0,441
442,0,0,14.2075,81.0,8.501161,5892,0,0,0,1,0,442
443,0,1,17.615000000000002,72.875,10.875239,6153,0,0,0,0,0,443
444,0,1,18.359151,80.7917,8.125157,6093,0,0,0,0,0,444
445,0,1,16.988349,82.125,6.0004061,6230,1,0,0,1,0,445
446,0,1,18.045848999999997,83.125,7.876653999999999,6871,1,0,0,0,0,446
447,0,1,20.278349,69.41669999999999,7.7921000000000005,8362,1,0,0,1,0,447
448,0,0,15.617499999999996,88.5417,12.916460999999998,3372,1,0,0,1,0,448
449,0,0,12.5625,88.0833,14.791924999999999,4996,1,0,0,1,0,449
450,0,1,12.954151,47.7917,25.917007,5558,1,0,0,0,0,450
451,0,1,7.196650999999999,28.999999999999996,12.541864,5102,1,0,0,0,0,451
452,0,1,14.755849000000001,48.125,19.541957,5698,1,0,0,0,0,452
453,0,1,15.225849,43.916700000000006,21.41655,6133,1,0,0,0,0,453
454,0,1,9.39,58.0833,9.250489,5459,1,0,0,1,0,454
455,0,0,11.935849000000001,73.83330000000001,16.791339,6235,1,0,0,1,0,455
456,0,0,12.014151000000002,67.625,11.541889,6041,1,0,0,1,0,456
457,0,1,12.393911,50.43479999999999,20.913313,5936,1,0,0,0,0,457
458,0,1,13.933349,39.6667,6.708911,6772,1,0,0,0,0,458
459,0,1,17.458349000000002,46.958299999999994,12.125325,6436,1,0,0,0,0,459
460,0,1,12.445,37.416700000000006,14.708443,6457,1,0,0,0,0,460
461,0,1,10.956651,37.7083,20.125996,6460,1,0,0,0,0,461
462,0,0,12.5625,25.416700000000002,18.416356999999998,6857,1,0,0,0,0,462
463,0,0,15.5,27.5833,15.583931999999999,5169,1,0,0,0,0,463
464,0,1,14.990849,31.75,23.999132,5585,1,0,0,0,0,464
465,0,1,12.993348999999998,43.5,16.708125000000003,5918,1,0,0,0,0,465
466,0,1,8.388712000000002,46.9565,19.783358,4862,1,0,0,0,0,466
467,0,1,10.682500000000001,46.625,19.458743,5409,1,0,0,0,0,467
468,0,1,12.7975,40.8333,10.416557,6398,1,0,0,0,0,468
469,0,0,15.265,50.291700000000006,12.791439,7460,1,0,0,0,0,469
470,0,0,20.513348999999998,50.79169999999999,15.083643,7132,1,0,0,0,0,470
471,1,0,23.215849,56.166700000000006,19.083543,6370,1,0,0,0,0,471
472,0,1,20.591651,39.0417,18.333143,6691,1,0,0,0,0,472
473,0,1,13.776651000000001,56.9167,11.250103999999999,4367,1,0,0,1,0,473
474,0,1,15.421650999999997,61.25000000000001,4.417256399999999,6565,1,0,0,0,0,474
475,0,1,16.753349,69.4583,10.041357,7290,1,0,0,0,0,475
476,0,0,18.79,68.2917,19.000328999999997,6624,1,0,0,0,0,476
477,0,0,10.643349,83.54169999999999,23.084582,1027,1,0,0,0,1,477
478,0,1,7.1183489999999985,76.66669999999999,20.334232,3214,1,0,0,1,0,478
479,0,1,11.426651,45.4167,16.708661,5633,1,0,0,0,0,479
480,0,1,14.403348999999999,42.7917,7.959064000000001,6196,1,0,0,0,0,480
481,0,1,15.421650999999997,75.66669999999999,11.833875,5026,1,0,0,1,0,481
482,0,1,13.502500000000001,40.0833,23.291410999999997,6233,1,0,0,0,0,482
483,0,0,9.703349000000003,48.9583,8.708325,4220,1,0,0,1,0,483
484,0,0,13.541650999999998,58.7083,7.8328359999999995,6304,1,0,0,0,0,484
485,0,1,13.815849,56.99999999999999,11.499746,5572,1,0,0,1,0,485
486,0,1,20.826651000000002,65.95830000000001,10.458432,5740,1,0,0,1,0,486
487,0,1,18.515849,79.7083,9.249885999999998,6169,1,0,0,0,0,487
488,0,1,18.320000000000004,76.83330000000001,8.957632,6421,1,0,0,1,0,488
489,0,1,21.492499999999996,73.54169999999999,10.916846,6296,1,0,0,0,0,489
490,0,0,21.218349,75.66669999999999,10.250464000000001,6883,1,0,0,1,0,490
491,0,0,18.4375,74.0,10.041892999999998,6359,1,0,0,1,0,491
492,0,1,17.2625,66.41669999999999,15.458307000000001,6273,1,0,0,1,0,492
493,0,1,19.338349,68.58330000000001,19.833942999999998,5728,1,0,0,1,0,493
494,0,1,19.025,74.4167,14.499604,4717,1,0,0,1,0,494
495,0,1,15.774151,55.2083,21.042221,6572,1,0,0,0,0,495
496,0,1,17.066650999999997,36.0417,15.874778999999998,7030,1,0,0,0,0,496
497,0,0,18.515849,48.0417,8.249910999999999,7429,1,0,0,0,0,497
498,0,0,20.7875,57.62500000000001,15.082839,6118,1,0,0,0,0,498
499,0,1,18.946651,78.95830000000001,14.250364000000001,2843,1,0,0,1,0,499
500,0,1,20.748348999999997,79.45830000000001,9.875264,5115,1,0,0,1,0,500
501,0,1,21.923348999999998,69.7917,8.208304,7424,1,0,0,0,0,501
502,0,1,19.886651,52.0,15.374825000000001,7384,1,0,0,0,0,502
503,0,1,18.515849,52.33330000000001,9.166739,7639,1,0,0,0,0,503
504,0,0,20.2,45.625,5.626325,8294,1,0,0,0,0,504
505,0,0,21.179150999999997,53.041700000000006,17.042589,7129,1,0,0,0,0,505
506,0,1,20.121651,81.125,15.624668,4359,1,0,0,1,0,506
507,0,1,20.905,76.5833,7.9171890000000005,6073,1,0,0,1,0,507
508,0,1,21.218349,77.45830000000001,6.834,5260,1,0,0,1,0,508
509,0,1,22.785,71.6667,11.584031999999999,6770,1,0,0,0,0,509
510,0,1,23.96,74.7083,9.41685,6734,1,0,0,0,0,510
511,0,0,24.5475,73.25,13.332464,6536,1,0,0,0,0,511
512,0,0,24.43,69.7083,14.416457,6591,1,0,0,0,0,512
513,1,0,25.487500000000004,67.625,13.166907,6043,1,0,0,0,0,513
514,0,1,25.957500000000003,68.4583,19.7918,5743,1,0,0,0,0,514
515,0,1,22.863349,67.0,9.000043,6855,1,0,0,1,0,515
516,0,1,23.96,49.2917,13.083693,7338,1,0,0,0,0,516
517,0,1,22.745849000000003,75.5417,15.916721,4127,1,0,0,1,0,517
518,0,0,19.416650999999998,54.9167,12.499653999999998,8120,1,0,0,0,0,518
519,0,0,20.317500000000003,49.333299999999994,12.333829,7641,1,0,0,0,0,519
520,0,1,20.082500000000003,48.7083,19.083811,6998,1,0,0,0,0,520
521,0,1,17.419151,61.3333,14.041525,7001,1,0,0,1,0,521
522,0,1,18.045848999999997,61.12499999999999,5.167375,7055,1,0,0,0,0,522
523,0,1,20.317500000000003,56.7083,10.542449999999999,7494,1,0,0,0,0,523
524,0,1,22.510849000000004,46.791700000000006,11.750661,7736,1,0,0,0,0,524
525,0,0,25.409151,43.7083,9.667229,7498,1,0,0,0,0,525
526,0,0,26.153349,53.833299999999994,8.959307,6598,1,0,0,0,0,526
527,0,1,25.879151,58.791700000000006,13.916771,6664,1,0,0,1,0,527
528,0,1,22.706650999999997,83.3333,14.374582,4972,1,0,0,1,0,528
529,0,1,22.824151,58.2083,22.999693,7421,1,0,0,0,0,529
530,0,1,22.471651,56.958299999999994,17.000111,7363,1,0,0,0,0,530
531,0,1,22.040849,58.958299999999994,11.833339,7665,1,0,0,0,0,531
532,0,0,21.688349,50.416700000000006,11.166689,7702,1,0,0,0,0,532
533,0,0,19.8475,59.875,9.708568,6978,1,0,0,0,0,533
534,0,1,18.711651,77.79169999999999,11.707982000000001,5099,1,0,0,1,0,534
535,0,1,24.351650999999997,69.0,9.917139,6825,1,0,0,0,0,535
536,0,1,28.777499999999996,59.2083,7.625403999999999,6211,1,0,0,0,0,536
537,0,1,29.874150999999998,56.7917,7.958728999999999,5905,0,1,0,0,0,537
538,0,1,28.542499999999997,57.375,12.250414000000001,5823,0,1,0,0,0,538
539,0,0,26.388348999999998,53.4583,12.041307,7458,0,1,0,0,0,539
540,0,0,26.936650999999998,47.9167,9.750174999999999,6891,0,1,0,0,0,540
541,0,1,25.644150999999994,50.416700000000006,20.125661,6779,0,1,0,0,0,541
542,0,1,21.649151,37.333299999999994,23.292014,7442,0,1,0,0,0,542
543,0,1,24.7825,36.0,18.208925,7335,0,1,0,0,0,543
544,0,1,27.210849000000003,42.25,11.50055,6879,0,1,0,0,0,544
545,0,1,31.205849,48.875,11.082939000000001,5463,0,1,0,0,0,545
546,0,0,27.955,60.12499999999999,10.791756999999999,5687,0,1,0,0,0,546
547,0,0,30.344151000000004,51.87500000000001,11.291443,5531,0,1,0,0,0,547
548,0,1,28.738349,44.7083,13.082889,6227,0,1,0,0,0,548
549,0,1,28.699151,49.2083,8.457878999999998,6660,0,1,0,0,0,549
550,1,0,29.090849,53.87499999999999,9.041649999999999,7403,0,1,0,0,0,550
551,0,1,30.8925,45.7917,12.999943,6241,0,1,0,0,0,551
552,0,1,30.931651000000002,45.0833,9.791514,6207,0,1,0,0,0,552
553,0,0,32.498349,49.2083,10.958118,4840,0,1,0,0,0,553
554,0,0,30.6575,57.375,8.417143,4672,0,1,0,0,0,554
555,0,1,25.409151,68.3333,12.125325,6569,0,1,0,1,0,555
556,0,1,25.879151,66.75,10.166379,6290,0,1,0,1,0,556
557,0,1,25.683349,63.3333,10.166110999999999,7264,0,1,0,0,0,557
558,0,1,25.644150999999994,52.9583,9.833924999999999,7446,0,1,0,0,0,558
559,0,1,26.388348999999998,48.5833,5.41695,7499,0,1,0,1,0,559
560,0,0,25.056651000000002,69.91669999999999,9.626493,6969,0,1,0,1,0,560
561,0,0,27.054150999999997,71.7917,11.166689,6031,0,1,0,0,0,561
562,0,1,27.876651000000003,64.5,11.000529,6830,0,1,0,0,0,562
563,0,1,30.461650999999996,50.583299999999994,7.666743,6786,0,1,0,0,0,563
564,0,1,29.286651,57.7083,9.208614,5713,0,1,0,0,0,564
565,0,1,28.189999999999998,60.0417,11.083743,6591,0,1,0,0,0,565
566,0,1,23.294151,84.4167,14.000789000000001,5870,0,1,0,1,0,566
567,0,0,20.004150999999997,86.5417,14.2911,4459,0,1,0,0,1,567
568,0,0,23.3725,76.25,6.292693600000001,7410,0,1,0,1,0,568
569,0,1,26.858348999999997,69.41669999999999,9.291761,6966,0,1,0,0,0,569
570,0,1,27.289150999999997,65.5,14.167418,7592,0,1,0,0,0,570
571,0,1,26.035849,45.0,11.0416,8173,0,1,0,0,0,571
572,0,1,28.503349,59.666700000000006,19.082471,6861,0,1,0,0,0,572
573,0,1,28.738349,59.458299999999994,10.250464000000001,6904,0,1,0,0,0,573
574,0,0,27.524150999999996,61.3333,10.542449999999999,6685,0,1,0,0,0,574
575,0,0,25.918349000000006,62.375,11.416532,6597,0,1,0,0,0,575
576,0,1,26.349151,66.875,10.292339,7105,0,1,0,0,0,576
577,0,1,25.526651,70.41669999999999,11.083475,7216,0,1,0,0,0,577
578,0,1,25.722500000000004,67.75,9.458993,7580,0,1,0,0,0,578
579,0,1,27.3675,65.95830000000001,8.666718,7261,0,1,0,0,0,579
580,0,1,27.994151000000002,64.25,14.458064,7175,0,1,0,1,0,580
581,0,0,29.286651,61.3333,17.249686,6824,0,1,0,0,0,581
582,0,0,28.150849,65.25,19.458206999999998,5464,0,1,0,0,0,582
583,0,1,27.3675,65.4167,8.666718,7013,0,1,0,1,0,583
584,0,1,26.584151,70.375,7.8328359999999995,7273,0,1,0,1,0,584
585,0,1,27.25,67.29169999999999,7.4169,7534,0,1,0,1,0,585
586,0,1,27.524150999999996,62.0417,10.458699999999999,7286,0,1,0,0,0,586
587,0,1,25.644150999999994,71.5833,16.000471,5786,0,1,0,1,0,587
588,0,0,24.5475,73.2917,13.834093,6299,0,1,0,1,0,588
589,0,0,24.939151000000003,53.041700000000006,8.208304,6544,0,1,0,0,0,589
590,0,1,25.879151,54.541700000000006,9.126204,6883,0,1,0,0,0,590
591,0,1,26.153349,68.6667,11.333586,6784,0,1,0,0,0,591
592,0,1,25.213349,61.9583,11.374657000000001,7347,0,1,0,0,0,592
593,0,1,25.800849,51.916700000000006,9.500332,7605,0,1,0,0,0,593
594,0,1,25.996651,57.0833,15.500718,7148,0,1,0,0,0,594
595,0,0,23.881650999999998,60.3333,11.917089,7865,0,1,0,0,0,595
596,0,0,21.884151,71.1667,5.79215,4549,0,1,0,1,0,596
597,0,1,21.884151,73.4167,8.708592999999999,6530,0,1,0,1,0,597
598,0,1,22.510849000000004,67.375,4.875643600000001,7006,0,1,0,0,0,598
599,0,1,23.3725,67.7083,4.708981100000001,7375,0,1,0,0,0,599
600,0,1,24.704151000000003,63.5833,5.667918600000001,7765,0,1,0,0,0,600
601,0,1,25.0175,61.5,4.833768600000001,7582,0,1,0,1,0,601
602,0,0,23.098349,71.2917,16.375336,6053,0,1,0,1,0,602
603,0,0,22.706650999999997,84.5833,15.333486,5255,0,1,0,1,0,603
604,0,1,25.056651000000002,73.04169999999999,8.625110999999999,6917,0,1,0,0,0,604
605,0,1,26.231651,62.0,12.791975,7040,0,1,0,0,0,605
606,0,1,24.195,55.2083,7.541653999999999,7697,0,1,0,0,0,606
607,0,1,25.213349,59.0417,5.1668189,7713,0,1,0,0,0,607
608,0,1,27.915849,58.75,11.291711,7350,0,1,0,0,0,608
609,0,0,27.406651000000004,63.8333,7.5835289999999995,6140,0,1,0,1,0,609
610,0,0,24.743349000000002,81.5,4.2927436000000005,5810,0,1,0,1,0,610
611,1,0,25.252499999999998,79.0833,10.125107,6034,0,1,0,0,0,611
612,0,1,26.114151,75.5,15.833507,6864,0,1,0,0,0,612
613,0,1,26.623348999999997,74.125,12.583136,7112,0,1,0,0,0,613
614,0,1,24.743349000000002,81.0417,9.542207,6203,0,1,0,1,0,614
615,0,1,25.056651000000002,73.625,11.500282,7504,0,1,0,0,0,615
616,0,0,22.980849000000003,79.91669999999999,18.833968000000002,5976,0,1,0,1,0,616
617,0,0,20.669999999999998,54.75,15.041232,8227,0,1,0,0,0,617
618,0,1,19.416650999999998,50.375,17.333771000000002,7525,0,1,0,0,0,618
619,0,1,19.142500000000002,52.0,6.167631399999999,7767,0,1,0,0,0,619
620,0,1,20.160849,57.7083,8.833682,7870,0,1,0,0,0,620
621,0,1,20.7875,63.708299999999994,5.542293600000001,7804,0,1,0,0,0,621
622,0,1,21.766651000000003,67.25,6.958821,8009,0,1,0,0,0,622
623,0,0,20.591651,50.1667,16.583907,8714,0,1,0,0,0,623
624,0,0,19.259999999999998,56.99999999999999,6.0422811,7333,0,1,0,0,0,624
625,0,1,19.299151000000002,73.4583,10.166714,6869,0,1,0,1,0,625
626,0,1,21.296651,87.25,23.958329,4073,0,1,0,1,0,626
627,0,1,17.9675,53.6667,14.416725,7591,0,1,0,0,0,627
628,0,1,17.693349,61.8333,7.9171890000000005,7720,0,1,0,0,0,628
629,0,1,20.160849,66.875,10.333343000000001,8167,0,1,0,0,0,629
630,0,0,22.55,64.6667,19.000061,8395,0,1,0,0,0,630
631,0,0,16.870849000000003,46.708299999999994,14.958286,7907,0,0,1,0,0,631
632,0,1,16.165849,49.2917,9.541068000000001,7436,0,0,1,0,0,632
633,0,1,17.85,56.99999999999999,15.833507,7538,0,0,1,0,0,633
634,0,1,21.845,63.083299999999994,16.3748,7733,0,0,1,0,0,634
635,0,1,22.55,69.08330000000001,9.000914000000002,7393,0,0,1,1,0,635
636,0,1,21.100849,69.0,10.999993,7415,0,0,1,1,0,636
637,0,0,17.4975,54.2917,15.249468,8555,0,0,1,0,0,637
638,0,0,16.753349,58.3333,9.042186,6889,0,0,1,0,0,638
639,0,1,16.479150999999998,64.9167,6.083881399999999,6778,0,0,1,1,0,639
640,0,1,19.769150999999997,87.16669999999999,6.9998249999999995,4639,0,0,1,0,1,640
641,0,1,22.9025,79.375,4.4585686,7572,0,0,1,1,0,641
642,0,1,22.9025,72.2917,7.875582,7328,0,0,1,1,0,642
643,0,1,20.905,62.74999999999999,7.12545,8156,0,0,1,0,0,643
644,0,0,18.045848999999997,66.41669999999999,17.957675000000002,7965,0,0,1,0,0,644
645,0,0,11.544151,70.8333,9.457854,3510,0,0,1,1,0,645
646,1,0,10.016651,70.9583,12.708492999999999,5478,0,0,1,1,0,646
647,0,1,12.993348999999998,76.16669999999999,12.7501,6392,0,0,1,1,0,647
648,0,1,16.165849,63.083299999999994,12.584007000000001,7691,0,0,1,0,0,648
649,0,1,12.445,46.3333,12.166932000000001,7570,0,0,1,0,0,649
650,0,1,12.5625,53.91669999999999,15.751164,7282,0,0,1,0,0,650
651,0,0,10.486650999999998,49.4583,9.791514,7109,0,0,1,0,0,651
652,0,0,16.518349,64.0417,18.667004,6639,0,0,1,0,0,652
653,0,1,18.398349,70.75,19.834478999999998,5875,0,0,1,1,0,653
654,0,1,14.011651,55.833299999999994,12.208807,7534,0,0,1,0,0,654
655,0,1,13.424150999999998,69.2917,6.791857,7461,0,0,1,0,0,655
656,0,1,16.557499999999997,72.8333,15.874778999999998,7509,0,0,1,1,0,656
657,0,1,18.476651,81.5,9.041917999999999,5424,0,0,1,1,0,657
658,0,0,14.755849000000001,57.2917,7.874978999999999,8090,0,0,1,0,0,658
659,0,0,13.815849,51.0,11.125618000000001,6824,0,0,1,0,0,659
660,0,1,14.912499999999998,56.833299999999994,5.459381100000001,7058,0,0,1,0,0,660
661,0,1,17.575848999999998,64.16669999999999,6.334568600000001,7466,0,0,1,0,0,661
662,0,1,19.6125,63.625,4.876206399999999,7693,0,0,1,0,0,662
663,0,1,17.85,80.0417,8.333125,7359,0,0,1,1,0,663
664,0,1,17.654151,80.7083,8.875289,7444,0,0,1,1,0,664
665,0,0,16.91,72.0,15.791364000000002,7852,0,0,1,1,0,665
666,0,0,14.442499999999999,69.4583,26.666535999999997,4459,0,0,1,1,0,666
667,0,1,12.68,88.0,23.9994,22,0,0,1,0,1,667
668,0,1,6.954554000000002,82.54549999999999,14.271603,1096,0,0,1,1,0,668
669,0,1,8.802499999999998,66.6667,11.166689,5566,0,0,1,1,0,669
670,0,1,9.194151000000002,58.166700000000006,10.542182,5986,0,0,1,1,0,670
671,0,1,8.684999999999999,52.208299999999994,17.833725,5847,0,0,1,0,0,671
672,0,0,8.136651,49.125,18.125443,5138,0,0,1,1,0,672
673,0,0,7.314150999999999,53.2917,12.000236,5107,0,0,1,0,0,673
674,0,1,7.000849000000002,49.416700000000006,15.833775000000001,5259,0,0,1,0,0,674
675,0,1,5.1991510000000005,56.7083,11.625371,5686,0,0,1,0,0,675
676,0,1,5.904151000000001,54.75,20.375236,5035,0,0,1,1,0,676
677,0,1,8.552177999999998,33.3478,23.304945,5315,0,0,1,0,0,677
678,0,1,8.998349000000001,54.0833,14.375386,5992,0,0,1,0,0,678
679,0,0,10.290848999999998,64.5417,3.8756686000000005,6536,0,0,1,0,0,679
680,0,0,11.779150999999999,65.9167,8.5425,6852,0,0,1,0,0,680
681,1,0,14.794999999999998,74.16669999999999,11.625639,6269,0,0,1,0,0,681
682,0,1,8.136651,66.29169999999999,22.917082,4094,0,0,1,1,0,682
683,0,1,5.590849,55.2083,13.374875,5495,0,0,1,0,0,683
684,0,1,7.1183489999999985,62.0417,10.250129,5445,0,0,1,1,0,684
685,0,1,8.215,52.4583,11.458675000000001,5698,0,0,1,0,0,685
686,0,0,7.275,54.541700000000006,12.041843,5629,0,0,1,0,0,686
687,0,0,8.0975,69.2917,15.250003999999999,4669,0,0,1,0,0,687
688,0,1,9.899151,62.3333,15.749489,5499,0,0,1,1,0,688
689,0,1,9.585849,68.5,5.542575,5634,0,0,1,1,0,689
690,0,1,8.606651,61.375,6.917482000000001,5146,0,0,1,0,0,690
691,1,0,7.98,58.0417,3.5423436000000006,2425,0,0,1,0,0,691
692,0,1,9.311650999999998,56.875,9.917407,3910,0,0,1,0,0,692
693,0,0,5.081650999999999,40.458299999999994,25.250357,2277,0,0,1,0,0,693
694,0,0,3.554150999999999,46.8333,10.083499999999999,2424,0,0,1,0,0,694
695,0,1,6.726650999999999,53.541700000000006,3.1255499999999996,5087,0,0,1,0,0,695
696,0,1,5.708349,78.6667,15.916654,3959,0,0,1,1,0,696
697,0,1,5.943349000000001,50.625,14.125007,5260,0,0,1,0,0,697
698,0,1,5.200890000000001,55.565200000000004,7.739974,5323,0,0,1,0,0,698
699,0,1,6.021651,64.95830000000001,3.9175436000000006,5668,0,0,1,0,0,699
700,0,0,6.021651,80.6667,4.0001814,5191,0,0,1,1,0,700
701,0,0,8.3325,82.3333,8.333393,4649,0,0,1,1,0,701
702,0,1,13.267500000000002,76.75,5.542293600000001,6234,0,0,1,0,0,702
703,0,1,14.364151,73.375,11.666643,6606,0,0,1,0,0,703
704,0,1,12.601651,48.5,21.709407,5729,0,0,1,0,0,704
705,0,1,4.024151,50.875,11.708518,5375,0,0,1,0,0,705
706,0,1,7.0791509999999995,76.4167,8.7502,5008,0,0,1,1,0,706
707,0,0,9.938349000000002,91.125,6.792393,5582,0,0,1,1,0,707
708,0,0,10.055848999999998,90.5417,10.584325,3228,0,0,1,1,0,708
709,0,1,12.484150999999997,92.5,12.750636,5170,0,0,1,1,0,709
710,0,1,8.606651,59.666700000000006,19.834478999999998,5501,0,0,1,1,0,710
711,0,1,5.9825,53.833299999999994,10.916779,5319,0,0,1,1,0,711
712,0,1,5.904151000000001,48.5833,11.666643,5532,0,0,1,0,0,712
713,0,1,5.2383489999999995,64.29169999999999,8.792342999999999,5611,0,0,1,0,0,713
714,0,0,7.235849,65.0417,7.12545,5047,0,0,1,0,0,714
715,0,0,9.037499999999998,83.875,6.749714,3786,0,0,1,1,0,715
716,0,1,10.486650999999998,90.7083,6.583306100000001,4585,0,0,1,1,0,716
717,0,1,11.309151,66.625,14.834067999999998,5557,0,0,1,0,0,717
718,0,1,7.627500000000001,62.5417,12.334164000000001,5267,0,0,1,0,0,718
719,0,1,7.510000000000002,66.79169999999999,8.875021,4128,0,0,1,1,0,719
720,0,1,7.353349,55.666700000000006,25.083661,3623,0,0,0,1,0,720
721,0,0,4.494150999999999,44.125,27.292182,1749,0,0,0,0,0,721
722,0,0,3.554150999999999,51.5417,8.916560999999998,1787,0,0,0,0,0,722
723,0,1,2.871288,79.1304,5.1744368,920,0,0,0,1,0,723
724,1,0,5.691288,73.47829999999999,11.304642,1013,0,0,0,1,0,724
725,0,1,3.4366509999999995,82.3333,21.208582,441,0,0,0,0,1,725
726,0,1,3.945849000000001,65.29169999999999,23.458910999999997,2114,0,0,0,1,0,726
727,0,1,3.9066509999999983,59.0,10.416557,3095,0,0,0,1,0,727
728,0,0,3.9066509999999983,75.2917,8.333661,1341,0,0,0,1,0,728
729,0,0,4.024151,48.3333,23.500518,1796,0,0,0,0,0,729
730,0,1,2.144150999999999,57.75,10.374682,2729,0,0,0,1,0,730
